evidence_test_id,event_time,timezone,target,route,outcome,direct_or_derived_pointer,provenance_ceiling,resolution_relation
ZIP-010,2026-07-14,NOT_RECORDED,Universal_Book_Production_Skill_v1.5.1.zip,assistant_side_resolution,exact_target_not_resolved,OPERATOR_SUBMITTED_DERIVED_EVENT_INVENTORY,PASS_WITH_PROVENANCE_CEILING,LATER_CALENDAR_DATE_NOT_EXACT_POST_RESOLUTION_PROOF
ZIP-011,2026-07-14,NOT_RECORDED,Universal_Book_Production_Skill_v1_5_2.zip,assistant_side_resolution,exact_target_not_resolved,OPERATOR_SUBMITTED_DERIVED_EVENT_INVENTORY,PASS_WITH_PROVENANCE_CEILING,LATER_CALENDAR_DATE_NOT_EXACT_POST_RESOLUTION_PROOF
ZIP-014,2026-07-15,NOT_RECORDED,Universal_Book_Production_Skill_v1_8_0.zip,generated_then_uploaded_reuse,generated_route_not_operational_uploaded_suffix_used,OPERATOR_SUBMITTED_DERIVED_EVENT_INVENTORY,PASS_WITH_PROVENANCE_CEILING,LATER_CALENDAR_DATE_NOT_EXACT_POST_RESOLUTION_PROOF
ZIP-016,2026-07-16,NOT_RECORDED,Universal_Book_Production_Skill_v1_8_2.zip,operational_use,uploaded_suffix_required,OPERATOR_SUBMITTED_DERIVED_EVENT_INVENTORY,PASS_WITH_PROVENANCE_CEILING,LATER_CALENDAR_DATE_NOT_EXACT_POST_RESOLUTION_PROOF
ZIP-023,2026-07-15,NOT_RECORDED,Who_Scores_the_Echoes_IT_Source_v1.0.0_STRUCTURAL_DRAFT.zip,fresh_chat_at_mention,generated_route_failed_uploaded_copy_worked,OPERATOR_SUBMITTED_DERIVED_EVENT_INVENTORY,PASS_WITH_PROVENANCE_CEILING,LATER_CALENDAR_DATE_NOT_EXACT_POST_RESOLUTION_PROOF
ZIP-028,2026-07-16,NOT_RECORDED,Translation_pack_v2.1.zip,generated_then_uploaded_reuse,generated_object_not_operational_uploaded_suffix_used,OPERATOR_SUBMITTED_DERIVED_EVENT_INVENTORY,PASS_WITH_PROVENANCE_CEILING,LATER_CALENDAR_DATE_NOT_EXACT_POST_RESOLUTION_PROOF
ZIP-029,2026-07-16,NOT_RECORDED,generated_ZIP_object,materialisation,object_not_materialisable_uploaded_clean_copy_worked,OPERATOR_SUBMITTED_DERIVED_EVENT_INVENTORY,PASS_WITH_PROVENANCE_CEILING,LATER_CALENDAR_DATE_NOT_EXACT_POST_RESOLUTION_PROOF
ZIP-030,2026-07-16,NOT_RECORDED,generated_ZIP_object,materialisation,object_not_materialisable_uploaded_clean_copy_worked,OPERATOR_SUBMITTED_DERIVED_EVENT_INVENTORY,PASS_WITH_PROVENANCE_CEILING,LATER_CALENDAR_DATE_NOT_EXACT_POST_RESOLUTION_PROOF
ZIP-031,2026-07-16,NOT_RECORDED,library_resolver_probe_20260716T094002_864448_SGT.zip,controlled_probe,generated_route_failure_recorded,OPERATOR_SUBMITTED_DERIVED_EVENT_INVENTORY,PASS_WITH_PROVENANCE_CEILING,LATER_CALENDAR_DATE_NOT_EXACT_POST_RESOLUTION_PROOF
